dataset,model,num_params,converged,acc,batch_size,clip_norm,beta,gamma,sucess_rate
cifar10,vgg19_bn,38958922,True,0.9396681749622926,64,4.0,0.00114514,1000.0,1.0
cifar10,vgg19_bn,38958922,False,0.1084967320261438,64,4.0,0.00114514,1000.0,1.0
