dataset,model,pretrained,l2_mean,l2_median,l2_diff_mean,l2_diff_median
mnist,lenet,False,0.2878207651208626,0.2830802914180229,0.02363538772368596,0.024249550150202574
cifar10,vgg19_bn,False,11.356573921752739,11.220788627013226,1.407595605262645,1.2610477990144668
cifar10,resnet50,False,932.0348035347178,920.1403425565037,115.81791760803895,103.11427974582377
cifar10,mobilenet_v2,False,10.785092937721629,10.68642558447215,1.3239065156646213,1.3066589171721519
