dataset,model,pretrained,l2_mean,l2_median,l2_diff_mean,l2_diff_median
mnist,lenet,False,0.3191838967019264,0.3167893480566181,0.024128430328010868,0.024921761450090296
mnist,lenet,True,0.32146413143752794,0.12591176991258143,0.05953600943305504,3.1337136399625693e-06
cifar10,vgg19_bn,False,11.58532770858185,11.375075119944263,1.4186699764857247,1.336408743925699
cifar10,vgg19_bn,True,13.278069472112653,13.211002180503993,1.1397505765906346,0.8075477727098178
cifar10,resnet50,False,996.3142388323074,983.4458233680186,131.58839561061225,109.59460988399475
cifar10,resnet50,True,2.9513017788666422,2.931737238685339,0.34484274530026743,0.3149382480196843
cifar10,mobilenet_v2,False,11.150831429312408,11.083571543798682,1.3711798659882892,1.3518829406843684
cifar10,mobilenet_v2,True,6.145231814500986,6.151223236255216,0.6495864754022342,0.5961521395062518
