dataset,model,pretrained,l2_mean,l2_median,l2_diff_mean,l2_diff_median
cifar10,vgg19_bn,False,11.724100341117596,11.616474922454895,1.4664653296705008,1.3136766245901028
cifar10,vgg19_bn,True,13.256542965512704,13.142642416295788,1.1991410121510753,0.9145755143291175
cifar10,resnet50,False,1117.8514548006815,1095.930996915408,132.48793429733516,119.4823878888642
cifar10,resnet50,True,2.9450864831631933,2.9276868168669017,0.3361360162984608,0.30708309007727325
cifar10,mobilenet_v2,False,9.481451297199806,9.47256201628386,1.1920138451329017,1.173872758013632
cifar10,mobilenet_v2,True,6.137583671046106,6.108028331738349,0.6656128680775723,0.610552750044835
