num_records,num_bins,beta,gamma,sigma,eps_comp,eps_actual,delta,mech,rt
114514,65536,1e-05,512.0,50.969205977598364,0.125,490873861.3153242,1e-10,GM,0.761415958404541
114514,65536,1e-05,512.0,50.969205977598364,0.125,490873861.3153242,1e-10,GPM,1.73966646194458
