num_records,num_bins,beta,gamma,sigma,eps_comp,eps_actual,delta,success_rate,l2
1000000,256,1e-05,32.0,50.969205977598364,0.125,490873861.31527656,1e-10,1.0,816.2873528255209
1000000,256,0.0001,32.0,50.969205977598364,0.125,4908745.41052047,1e-10,0.999,815.529885038069
1000000,256,0.001,32.0,50.969205977598364,0.125,49091.971913665046,1e-10,0.979,816.8614080146864
1000000,256,0.01,32.0,50.969205977598364,0.125,493.1579683066198,1e-10,0.867,816.2412173088485
1000000,256,0.1,32.0,50.969205977598364,0.125,4.89026477795762,1e-10,0.538,815.0521539672112
