num_records,num_bins,beta,gamma,sigma,eps_comp,eps_actual,delta,success_rate,l2,gamma_hue
1000000,256,1e-05,32.0,50.969205977598364,0.125,490873861.31527656,1e-10,1.0,814.4111626837984,2\sqrt{d}
1000000,256,1e-05,320.0,50.969205977598364,0.125,490873861.31532407,1e-10,1.0,817.4305744750095,20\sqrt{d}
1000000,256,1e-05,512.0,50.969205977598364,0.125,490873861.3153242,1e-10,1.0,815.1587113115156,2d
