num_records,num_bins,beta,gamma,sigma,eps_comp,eps_actual,delta,success_rate,l2
1000000,256,1e-05,32.0,50.969205977598364,0.125,490873861.31527656,1e-10,1.0,816.2873528255209
