num_records,num_bins,beta,gamma,sigma,eps_comp,eps_actual,delta,mech,rt
114514,65536,1e-05,512.0,50.969205977598364,0.125,490873861.3153242,1e-10,GM,0.09641647338867188
114514,65536,1e-05,512.0,50.969205977598364,0.125,490873861.3153242,1e-10,GPM,0.18367528915405273
114514,65536,0.0001,512.0,50.969205977598364,0.125,4908745.41056822,1e-10,GM,0.08890151977539062
114514,65536,0.0001,512.0,50.969205977598364,0.125,4908745.41056822,1e-10,GPM,0.18427610397338867
114514,65536,0.001,512.0,50.969205977598364,0.125,49091.9719614152,1e-10,GM,0.08869409561157227
