num_records,num_bins,beta,gamma,sigma,eps_comp,eps_actual,delta,success_rate,l2
1000000,256,1e-05,32.0,50.969205977598364,0.125,490873861.31527656,1e-10,1.0,816.5591191234867
1000000,256,0.0001,32.0,50.969205977598364,0.125,4908745.41052047,1e-10,1.0,816.2421300441625
1000000,256,0.001,32.0,50.969205977598364,0.125,49091.971913665046,1e-10,0.99,815.2901978723335
