num_records,num_bins,beta,gamma,sigma,eps_comp,eps_actual,delta,success_rate,l2,gamma_hue
1000000,256,1e-05,32.0,50.969205977598364,0.125,490873861.31527656,1e-10,1.0,815.2679367657958,2\sqrt{d}
1000000,256,1e-05,320.0,50.969205977598364,0.125,490873861.31532407,1e-10,1.0,814.9629859838724,20\sqrt{d}
1000000,256,1e-05,512.0,50.969205977598364,0.125,490873861.3153242,1e-10,1.0,815.4561792633539,2d
1000000,256,1e-05,5120.0,50.969205977598364,0.125,490873861.3153244,1e-10,1.0,815.8117948299612,20d
1000000,256,0.0001,32.0,50.969205977598364,0.125,4908745.41052047,1e-10,0.999,814.4545592849432,2\sqrt{d}
1000000,256,0.0001,320.0,50.969205977598364,0.125,4908745.410567927,1e-10,0.999,816.6591460360396,20\sqrt{d}
1000000,256,0.0001,512.0,50.969205977598364,0.125,4908745.41056822,1e-10,1.0,816.7981323813706,2d
1000000,256,0.0001,5120.0,50.969205977598364,0.125,4908745.410568403,1e-10,1.0,816.4084906266414,20d
1000000,256,0.001,32.0,50.969205977598364,0.125,49091.971913665046,1e-10,0.984,816.8761331857424,2\sqrt{d}
