num_records,num_bins,beta,gamma,sigma,eps_comp,eps_actual,delta,mech,rt
114514,65536,1e-05,512.0,50.969205977598364,0.125,490873861.3153242,1e-10,GM,0.09508132934570312
114514,65536,1e-05,512.0,50.969205977598364,0.125,490873861.3153242,1e-10,GPM,0.17741680145263672
114514,65536,0.0001,512.0,50.969205977598364,0.125,4908745.41056822,1e-10,GM,0.08906126022338867
114514,65536,0.0001,512.0,50.969205977598364,0.125,4908745.41056822,1e-10,GPM,0.1642465591430664
114514,65536,0.001,512.0,50.969205977598364,0.125,49091.9719614152,1e-10,GM,0.08487939834594727
114514,65536,0.001,512.0,50.969205977598364,0.125,49091.9719614152,1e-10,GPM,0.1688385009765625
114514,65536,0.01,512.0,50.969205977598364,0.125,493.15801610489876,1e-10,GM,0.08774042129516602
114514,65536,0.01,512.0,50.969205977598364,0.125,493.15801610489876,1e-10,GPM,0.17612457275390625
