num_records,num_bins,beta,gamma,sigma,eps_comp,eps_actual,delta,mech,rt
114514,65536,1e-05,512.0,50.969205977598364,0.125,490873861.3153242,1e-10,GM,0.7711648941040039
114514,65536,1e-05,512.0,50.969205977598364,0.125,490873861.3153242,1e-10,GPM,1.7904400825500488
114514,65536,0.0001,512.0,50.969205977598364,0.125,4908745.41056822,1e-10,GM,0.7615876197814941
114514,65536,0.0001,512.0,50.969205977598364,0.125,4908745.41056822,1e-10,GPM,1.7820143699645996
114514,65536,0.001,512.0,50.969205977598364,0.125,49091.9719614152,1e-10,GM,0.7724833488464355
114514,65536,0.001,512.0,50.969205977598364,0.125,49091.9719614152,1e-10,GPM,1.7896771430969238
