num_records,num_bins,beta,gamma,sigma,eps_comp,eps_actual,delta,mech,rt
114514,256,1e-05,32.0,50.969205977598364,0.125,490873861.31527656,1e-10,GM,0.030286312103271484
114514,256,1e-05,32.0,50.969205977598364,0.125,490873861.31527656,1e-10,GPM,0.052144527435302734
114514,256,0.0001,32.0,50.969205977598364,0.125,4908745.41052047,1e-10,GM,0.029768943786621094
114514,256,0.0001,32.0,50.969205977598364,0.125,4908745.41052047,1e-10,GPM,0.0501561164855957
