num_records,num_bins,beta,gamma,sigma,eps_comp,eps_actual,delta,mech,rt
114514,65536,1e-05,512.0,50.969205977598364,0.125,490873861.3153242,1e-10,GM,0.761415958404541
114514,65536,1e-05,512.0,50.969205977598364,0.125,490873861.3153242,1e-10,GPM,1.73966646194458
114514,65536,0.0001,512.0,50.969205977598364,0.125,4908745.41056822,1e-10,GM,0.7500958442687988
114514,65536,0.0001,512.0,50.969205977598364,0.125,4908745.41056822,1e-10,GPM,1.7448925971984863
114514,65536,0.001,512.0,50.969205977598364,0.125,49091.9719614152,1e-10,GM,0.7775282859802246
114514,65536,0.001,512.0,50.969205977598364,0.125,49091.9719614152,1e-10,GPM,1.7729830741882324
