num_records,num_bins,beta,gamma,sigma,eps_comp,eps_actual,delta,success_rate,l2,gamma_hue
1000000,256,1e-05,32.0,50.969205977598364,0.125,490873861.31527656,1e-10,1.0,816.6377942098113,2\sqrt{d}
1000000,256,1e-05,320.0,50.969205977598364,0.125,490873861.31532407,1e-10,1.0,815.6184921007153,20\sqrt{d}
1000000,256,1e-05,512.0,50.969205977598364,0.125,490873861.3153242,1e-10,1.0,816.2439082137921,2d
1000000,256,1e-05,5120.0,50.969205977598364,0.125,490873861.3153244,1e-10,1.0,814.5026551819901,20d
1000000,256,0.0001,32.0,50.969205977598364,0.125,4908745.41052047,1e-10,0.998,814.0455959340861,2\sqrt{d}
1000000,256,0.0001,320.0,50.969205977598364,0.125,4908745.410567927,1e-10,1.0,816.7005289225277,20\sqrt{d}
