num_records,num_bins,beta,gamma,sigma,eps_comp,eps_actual,delta,mech,rt
114514,65536,1e-05,512.0,50.969205977598364,0.125,490873861.3153242,1e-10,GM,0.8862543106079102
114514,65536,1e-05,512.0,50.969205977598364,0.125,490873861.3153242,1e-10,GPM,23.670551776885986
114514,65536,0.0001,512.0,50.969205977598364,0.125,4908745.41056822,1e-10,GM,0.8574104309082031
114514,65536,0.0001,512.0,50.969205977598364,0.125,4908745.41056822,1e-10,GPM,16.30976438522339
