num_records,num_bins,beta,gamma,sigma,eps_comp,eps_actual,delta,success_rate,l2,gamma_hue
1000000,256,1e-05,32.0,50.969205977598364,0.125,490873861.31527656,1e-10,1.0,817.1746861819427,2\sqrt{d}
1000000,256,1e-05,320.0,50.969205977598364,0.125,490873861.31532407,1e-10,1.0,816.5801469274866,20\sqrt{d}
1000000,256,1e-05,512.0,50.969205977598364,0.125,490873861.3153242,1e-10,1.0,815.0511439896558,2d
1000000,256,1e-05,5120.0,50.969205977598364,0.125,490873861.3153244,1e-10,1.0,814.8369400823367,20d
