num_records,num_bins,beta,gamma,sigma,eps_comp,eps_actual,delta,mech,rt
114514,65536,1e-05,512.0,50.969205977598364,0.125,490873861.3153242,1e-10,GM,0.057332515716552734
114514,65536,1e-05,512.0,50.969205977598364,0.125,490873861.3153242,1e-10,GPM,0.24601697921752927
114514,65536,0.0001,512.0,50.969205977598364,0.125,4908745.41056822,1e-10,GM,0.06006002426147461
114514,65536,0.0001,512.0,50.969205977598364,0.125,4908745.41056822,1e-10,GPM,0.20523309707641602
114514,65536,0.001,512.0,50.969205977598364,0.125,49091.9719614152,1e-10,GM,0.07519245147705078
114514,65536,0.001,512.0,50.969205977598364,0.125,49091.9719614152,1e-10,GPM,0.23545265197753906
114514,65536,0.01,512.0,50.969205977598364,0.125,493.15801610489876,1e-10,GM,0.06100654602050781
114514,65536,0.01,512.0,50.969205977598364,0.125,493.15801610489876,1e-10,GPM,0.181884765625
