num_records,num_bins,beta,gamma,sigma,eps_comp,eps_actual,delta,mech,rt
114514,256,1e-05,32.0,50.969205977598364,0.125,490873861.31527656,1e-10,GM,0.05978584289550781
114514,256,1e-05,32.0,50.969205977598364,0.125,490873861.31527656,1e-10,GPM,0.14304399490356445
