dataset,model,num_params,converged,acc,batch_size,clip_norm,beta,gamma,sigma,eps_comp,eps_actual,delta,success_rate
mnist,lenet,61706,True,0.9873150105708245,128,4.0,1e-05,496.8138484382254,3.1855753735998977,0.125,490873861.3153243,1e-10,0.62
mnist,lenet,61706,False,0.08124433705829055,128,4.0,1e-05,496.8138484382254,3.1855753735998977,0.125,490873861.3153243,1e-10,1.0
mnist,lenet,61706,True,0.9873150105708245,128,8.0,1e-05,496.8138484382254,6.3711507471997955,0.125,490873861.3153243,1e-10,0.66
